'/school/?102049-Samford-University', '/school/?100858-Auburn-University', '/school/?100937-Birmingham-Southern-College', '/school/?100706-University-of-Alabama-in-Huntsville', '/school/?102234-Spring-Hill-College', '/school/?100751-The-University-of-Alabama', '/school/?101648-Marion-Military-Institute', '/school/?100663-University-of-Alabama-at-Birmingham', '/school/?101435-Huntingdon-College', '/school/?102094-University-of-South-Alabama', '/school/?101365-Herzing-University-Birmingham', '/school/?101879-University-of-North-Alabama', '/school/?101587-University-of-West-Alabama', '/school/?102368-Troy-University', '/school/?101480-Jacksonville-State-University', '/school/?102377-Tuskegee-University', '/school/?101189-Faulkner-University', '/school/?101693-University-of-Mobile', '/school/?101709-University-of-Montevallo', '/school/?101116-South-University-Montgomery','/school/?102553-University-of-Alaska-Anchorage', '/school/?102669-Alaska-Pacific-University', '/school/?102614-University-of-Alaska-Fairbanks', '/school/?102632-University-of-Alaska-Southeast', '/school/?103501-Alaska-Career-College','/school/?104586-Embry-Riddle-Aeronautical-University-Prescott', '/school/?104717-Grand-Canyon-University', '/school/?104151-Arizona-State-University-Tempe', '/school/?420574-Arizona-State-University-Polytechnic', '/school/?448886-Arizona-State-University-Downtown-Phoenix', '/school/?407009-Arizona-State-University-West', '/school/?104179-University-of-Arizona', '/school/?484613-University-of-Phoenix-Arizona', '/school/?363934-University-of-Advancing-Technology', '/school/?106041-Universal-Technical-Institute-of-Arizona-Inc', '/school/?482422-DeVry-University-Arizona', '/school/?105659-Refrigeration-School-Inc', '/school/?456348-Argosy-University-Phoenix-Online-Division', '/school/?105330-Northern-Arizona-University', '/school/?105668-Rio-Salado-College', '/school/?364025-Chandler-Gilbert-Community-College', '/school/?105154-Mesa-Community-College', '/school/?105747-Scottsdale-Community-College', '/school/?364016-Paradise-Valley-Community-College', '/school/?106102-Western-International-University','/school/?107141-John-Brown-University', '/school/?106397-University-of-Arkansas', '/school/?107512-Ouachita-Baptist-University', '/school/?107044-Harding-University', '/school/?107080-Hendrix-College', '/school/?106342-Lyon-College', '/school/?106704-University-of-Central-Arkansas', '/school/?107071-Henderson-State-University', '/school/?107983-Southern-Arkansas-University-Main-Campus', '/school/?106713-Central-Baptist-College', '/school/?106245-University-of-Arkansas-at-Little-Rock', '/school/?106467-Arkansas-Tech-University', '/school/?107558-University-of-the-Ozarks', '/school/?107877-Williams-Baptist-College', '/school/?367459-NorthWest-Arkansas-Community-College', '/school/?420538-Arkansas-State-University-Mountain-Home', '/school/?106458-Arkansas-State-University-Main-Campus', '/school/?106485-University-of-Arkansas-at-Monticello', '/school/?108092-University-of-Arkansas-Fort-Smith', '/school/?106449-Arkansas-State-University-Beebe','/school/?243744-Stanford-University', '/school/?115409-Harvey-Mudd-College', '/school/?110404-California-Institute-of-Technology', '/school/?111188-California-State-University-Maritime-Academy', '/school/?123961-University-of-Southern-California', '/school/?112260-Claremont-McKenna-College', '/school/?122931-Santa-Clara-University', '/school/?120883-University-of-the-Pacific', '/school/?110422-California-Polytechnic-State-University-San-Luis-Obispo', '/school/?121150-Pepperdine-University', '/school/?110635-University-of-California-Berkeley', '/school/?122612-University-of-San-Francisco', '/school/?117946-Loyola-Marymount-University', '/school/?110662-University-of-California-Los-Angeles', '/school/?122436-University-of-San-Diego', '/school/?110680-University-of-California-San-Diego', '/school/?119605-National-University', '/school/?110653-University-of-California-Irvine', '/school/?110644-University-of-California-Davis', '/school/?121345-Pomona-College','/school/?126775-Colorado-School-of-Mines', '/school/?127060-University-of-Denver', '/school/?126562-University-of-Colorado-Denver-Anschutz-Medical-Campus', '/school/?127918-Regis-University', '/school/?126614-University-of-Colorado-Boulder', '/school/?126818-Colorado-State-University-Fort-Collins', '/school/?484640-University-of-Phoenix-Colorado', '/school/?126605-Spartan-College-of-Aeronautics-and-Technology', '/school/?126678-Colorado-College', '/school/?482440-DeVry-University-Colorado', '/school/?126580-University-of-Colorado-Colorado-Springs', '/school/?126827-Colorado-Technical-University-Colorado-Springs', '/school/?127741-University-of-Northern-Colorado', '/school/?127565-Metropolitan-State-University-of-Denver', '/school/?126669-Colorado-Christian-University', '/school/?128391-Western-State-Colorado-University', '/school/?439288-Johnson-Wales-University-Denver', '/school/?126748-Colorado-Northwestern-Community-College', '/school/?126289-Arapahoe-Community-College', '/school/?128106-Colorado-State-University-Pueblo','/school/?130794-Yale-University', '/school/?129242-Fairfield-University', '/school/?130590-Trinity-College', '/school/?130226-Quinnipiac-University', '/school/?436818-University-of-Connecticut-Waterbury-Campus', '/school/?436827-University-of-Connecticut-Avery-Point', '/school/?436836-University-of-Connecticut-Stamford', '/school/?129020-University-of-Connecticut', '/school/?130253-Sacred-Heart-University', '/school/?128902-Connecticut-College', '/school/?130697-Wesleyan-University', '/school/?130314-University-of-Saint-Joseph', '/school/?129941-University-of-New-Haven', '/school/?128498-Albertus-Magnus-College', '/school/?128771-Central-Connecticut-State-University', '/school/?129525-University-of-Hartford', '/school/?129215-Eastern-Connecticut-State-University', '/school/?130493-Southern-Connecticut-State-University', '/school/?130776-Western-Connecticut-State-University', '/school/?128744-University-of-Bridgeport','/school/?130943-University-of-Delaware', '/school/?130989-Goldey-Beacom-College', '/school/?131098-Wesley-College', '/school/?131113-Wilmington-University', '/school/?130934-Delaware-State-University', '/school/?130907-Delaware-Technical-Community-College-Terry','/school/?131496-Georgetown-University', '/school/?131469-George-Washington-University', '/school/?131159-American-University', '/school/?131283-Catholic-University-of-America', '/school/?131520-Howard-University', '/school/?384412-University-of-the-Potomac-Washington-DC-Campus', '/school/?459994-Strayer-University-Global-Region', '/school/?131803-Strayer-University-District-of-Columbia', '/school/?131876-Trinity-Washington-University', '/school/?131399-University-of-the-District-of-Columbia', '/school/?131450-Gallaudet-University','/school/?426314-Embry-Riddle-Aeronautical-University-Worldwide', '/school/?133553-Embry-Riddle-Aeronautical-University-Daytona-Beach', '/school/?135726-University-of-Miami', '/school/?133881-Florida-Institute-of-Technology', '/school/?133872-Adventist-University-of-Health-Sciences', '/school/?134130-University-of-Florida', '/school/?134945-Jacksonville-University', '/school/?137476-St-Thomas-University', '/school/?137847-The-University-of-Tampa', '/school/?484668-University-of-Phoenix-Florida', '/school/?134097-Florida-State-University', '/school/?133951-Florida-International-University', '/school/?449038-Strayer-University-Florida', '/school/?132471-Barry-University', '/school/?136950-Rollins-College', '/school/?132903-University-of-Central-Florida', '/school/?136215-Nova-Southeastern-University', '/school/?482459-DeVry-University-Florida', '/school/?137032-Saint-Leo-University', '/school/?137351-University-of-South-Florida-Main-Campus','/school/?139755-Georgia-Institute-of-Technology-Main-Campus', '/school/?139658-Emory-University', '/school/?482149-Augusta-University', '/school/?139959-University-of-Georgia', '/school/?140447-Mercer-University', '/school/?484677-University-of-Phoenix-Georgia', '/school/?141060-Spelman-College', '/school/?458919-Strayer-University-Georgia', '/school/?482468-DeVry-University-Georgia', '/school/?139940-Georgia-State-University', '/school/?140988-Shorter-University', '/school/?140696-Oglethorpe-University', '/school/?139199-Brenau-University', '/school/?139931-Georgia-Southern-University', '/school/?482680-University-of-North-Georgia', '/school/?140553-Morehouse-College', '/school/?139393-Covenant-College', '/school/?140818-Piedmont-College', '/school/?139861-Georgia-College-State-University', '/school/?139144-Berry-College','/school/?141644-Hawaii-Pacific-University', '/school/?420042-University-of-Phoenix-Hawaii', '/school/?141574-University-of-Hawaii-at-Manoa', '/school/?230047-Brigham-Young-University-Hawaii', '/school/?141802-Kauai-Community-College', '/school/?141981-University-of-Hawaii-West-Oahu', '/school/?141486-Chaminade-University-of-Honolulu', '/school/?141565-University-of-Hawaii-at-Hilo', '/school/?141796-Kapiolani-Community-College', '/school/?141680-Honolulu-Community-College', '/school/?141811-Leeward-Community-College', '/school/?141839-University-of-Hawaii-Maui-College', '/school/?141990-Windward-Community-College', '/school/?457484-Pacific-Rim-Christian-University', '/school/?372958-Remington-College-Honolulu-Campus', '/school/?383190-Hawaii-Community-College','/school/?142522-Brigham-Young-University-Idaho', '/school/?142285-University-of-Idaho', '/school/?142294-The-College-of-Idaho', '/school/?142461-Northwest-Nazarene-University', '/school/?142115-Boise-State-University', '/school/?142276-Idaho-State-University', '/school/?142328-Lewis-Clark-State-College', '/school/?142443-North-Idaho-College', '/school/?142090-Boise-Bible-College', '/school/?142559-College-of-Southern-Idaho', '/school/?460899-Stevens-Henager-College', '/school/?142054-Carrington-College-Boise', '/school/?142179-College-of-Eastern-Idaho','/school/?145725-Illinois-Institute-of-Technology', '/school/?147767-Northwestern-University', '/school/?144050-University-of-Chicago', '/school/?145637-University-of-Illinois-at-Urbana-Champaign', '/school/?145646-Illinois-Wesleyan-University', '/school/?145600-University-of-Illinois-at-Chicago', '/school/?146719-Loyola-University-Chicago', '/school/?143358-Bradley-University', '/school/?144740-DePaul-University', '/school/?148584-University-of-St-Francis', '/school/?143084-Augustana-College', '/school/?147396-Morrison-Institute-of-Technology', '/school/?146481-Lake-Forest-College', '/school/?145619-Benedictine-University', '/school/?146612-Lewis-University', '/school/?149781-Wheaton-College', '/school/?144962-Elmhurst-College', '/school/?148627-Saint-Xavier-University', '/school/?147660-North-Central-College', '/school/?442161-University-of-Phoenix-Illinois','/school/?152318-Rose-Hulman-Institute-of-Technology', '/school/?152080-University-of-Notre-Dame', '/school/?150163-Butler-University', '/school/?152673-Wabash-College', '/school/?243780-Purdue-University-Main-Campus', '/school/?150400-DePauw-University', '/school/?151801-Indiana-Wesleyan-University-Marion', '/school/?152600-Valparaiso-University', '/school/?151351-Indiana-University-Bloomington', '/school/?150756-Hanover-College', '/school/?152390-Saint-Mary-s-College', '/school/?150604-Franklin-College', '/school/?482486-DeVry-University-Indiana', '/school/?152567-Trine-University', '/school/?151786-Marian-University', '/school/?151290-Indiana-Institute-of-Technology', '/school/?151111-Indiana-University-Purdue-University-Indianapolis', '/school/?150172-Calumet-College-of-Saint-Joseph', '/school/?150534-University-of-Evansville', '/school/?150136-Ball-State-University','/school/?153269-Drake-University', '/school/?153658-University-of-Iowa', '/school/?153603-Iowa-State-University', '/school/?153384-Grinnell-College', '/school/?154350-Simpson-College', '/school/?153834-Luther-College', '/school/?154235-Saint-Ambrose-University', '/school/?153977-Mercy-College-of-Health-Sciences', '/school/?153144-Coe-College', '/school/?154527-Wartburg-College', '/school/?154013-Mount-Mercy-University', '/school/?153108-Central-College', '/school/?154095-University-of-Northern-Iowa', '/school/?153825-Loras-College', '/school/?154004-Morningside-College', '/school/?153375-Grand-View-University', '/school/?154129-Northwest-Iowa-Community-College', '/school/?153162-Cornell-College', '/school/?154493-Upper-Iowa-University', '/school/?154590-William-Penn-University','/school/?154688-Baker-University', '/school/?155317-University-of-Kansas', '/school/?155900-Southwestern-College', '/school/?155399-Kansas-State-University', '/school/?155335-Newman-University', '/school/?155520-MidAmerica-Nazarene-University', '/school/?155089-Friends-University', '/school/?155627-Ottawa-University-Ottawa', '/school/?155177-Hesston-College', '/school/?154749-Bethel-College-North-Newton', '/school/?155973-Tabor-College', '/school/?156125-Wichita-State-University', '/school/?155414-Kansas-Wesleyan-University', '/school/?156082-Washburn-University', '/school/?154721-Bethany-College', '/school/?154712-Benedictine-College', '/school/?155593-North-Central-Kansas-Technical-College', '/school/?155487-Manhattan-Area-Technical-College', '/school/?155681-Pittsburg-State-University', '/school/?155511-McPherson-College','/school/?157809-Thomas-More-College', '/school/?156286-Bellarmine-University', '/school/?156408-Centre-College', '/school/?157757-Spalding-University', '/school/?157085-University-of-Kentucky', '/school/?157818-Transylvania-University', '/school/?156745-Georgetown-College', '/school/?156471-Galen-College-of-Nursing-Louisville', '/school/?157289-University-of-Louisville', '/school/?156356-Brescia-University', '/school/?157447-Northern-Kentucky-University', '/school/?157401-Murray-State-University', '/school/?157076-Kentucky-Wesleyan-College', '/school/?156620-Eastern-Kentucky-University', '/school/?156541-University-of-the-Cumberlands', '/school/?156213-Asbury-University', '/school/?157951-Western-Kentucky-University', '/school/?157270-Sullivan-College-of-Technology-and-Design', '/school/?157100-Kentucky-Christian-University', '/school/?157377-Midway-University','/school/?160755-Tulane-University-of-Louisiana', '/school/?159197-ITI-Technical-College', '/school/?159391-Louisiana-State-University-and-Agricultural-Mechanical-College', '/school/?160904-Xavier-University-of-Louisiana', '/school/?160074-Franciscan-Missionaries-of-Our-Lady-University', '/school/?159656-Loyola-University-New-Orleans', '/school/?158477-Centenary-College-of-Louisiana', '/school/?159568-Louisiana-College', '/school/?159647-Louisiana-Tech-University', '/school/?160658-University-of-Louisiana-at-Lafayette', '/school/?160065-University-of-Holy-Cross', '/school/?159717-McNeese-State-University', '/school/?433536-Herzing-University-Kenner', '/school/?159939-University-of-New-Orleans', '/school/?159993-University-of-Louisiana-at-Monroe', '/school/?159966-Nicholls-State-University', '/school/?160612-Southeastern-Louisiana-University', '/school/?159416-Louisiana-State-University-Shreveport', '/school/?158802-Dillard-University', '/school/?160621-Southern-University-and-A-M-College','/school/?161299-Maine-Maritime-Academy', '/school/?161004-Bowdoin-College', '/school/?160977-Bates-College', '/school/?161086-Colby-College', '/school/?161457-University-of-New-England', '/school/?161518-Saint-Joseph-s-College-of-Maine', '/school/?161253-University-of-Maine', '/school/?161554-University-of-Southern-Maine', '/school/?161563-Thomas-College', '/school/?161226-University-of-Maine-at-Farmington', '/school/?161572-Unity-College', '/school/?161545-Southern-Maine-Community-College', '/school/?160940-Kaplan-University-Maine-Campus', '/school/?161235-University-of-Maine-at-Fort-Kent', '/school/?161341-University-of-Maine-at-Presque-Isle', '/school/?161138-Eastern-Maine-Community-College', '/school/?161077-Central-Maine-Community-College', '/school/?161484-Northern-Maine-Community-College', '/school/?161192-Kennebec-Valley-Community-College', '/school/?161581-Washington-County-Community-College','/school/?162928-Johns-Hopkins-University', '/school/?163046-Loyola-University-Maryland', '/school/?162061-Capitol-Technology-University', '/school/?163286-University-of-Maryland-College-Park', '/school/?161873-University-of-Baltimore', '/school/?163268-University-of-Maryland-Baltimore-County', '/school/?163462-Mount-St-Mary-s-University', '/school/?163912-St-Mary-s-College-of-Maryland', '/school/?163578-Notre-Dame-of-Maryland-University', '/school/?164216-Washington-College', '/school/?163204-University-of-Maryland-University-College', '/school/?164076-Towson-University', '/school/?163851-Salisbury-University', '/school/?164270-McDaniel-College', '/school/?164173-Stevenson-University', '/school/?162654-Goucher-College', '/school/?430184-Strayer-University-Maryland', '/school/?162007-Bowie-State-University', '/school/?162760-Hood-College', '/school/?162584-Frostburg-State-University','/school/?166656-MCPHS-University', '/school/?166683-Massachusetts-Institute-of-Technology', '/school/?164580-Babson-College', '/school/?166027-Harvard-University', '/school/?164739-Bentley-University', '/school/?166692-Massachusetts-Maritime-Academy', '/school/?168421-Worcester-Polytechnic-Institute', '/school/?168148-Tufts-University', '/school/?164924-Boston-College', '/school/?166124-College-of-the-Holy-Cross', '/school/?167358-Northeastern-University', '/school/?164988-Boston-University', '/school/?168227-Wentworth-Institute-of-Technology', '/school/?164465-Amherst-College', '/school/?168218-Wellesley-College', '/school/?167996-Stonehill-College', '/school/?168342-Williams-College', '/school/?165015-Brandeis-University', '/school/?166850-Merrimack-College', '/school/?167783-Simmons-College','/school/?169983-Kettering-University', '/school/?171128-Michigan-Technological-University', '/school/?170976-University-of-Michigan-Ann-Arbor', '/school/?170675-Lawrence-Technological-University', '/school/?169327-Cleary-University', '/school/?171100-Michigan-State-University', '/school/?171492-Northwood-University', '/school/?170532-Kalamazoo-College', '/school/?171137-University-of-Michigan-Dearborn', '/school/?168546-Albion-College', '/school/?484695-University-of-Phoenix-Michigan', '/school/?169716-University-of-Detroit-Mercy', '/school/?170301-Hope-College', '/school/?168740-Andrews-University', '/school/?172699-Western-Michigan-University', '/school/?169080-Calvin-College', '/school/?169910-Ferris-State-University', '/school/?169442-College-for-Creative-Studies', '/school/?171571-Oakland-University', '/school/?170082-Grand-Valley-State-University','/school/?174792-Saint-Johns-University', '/school/?174914-University-of-St-Thomas', '/school/?173258-Carleton-College', '/school/?175227-Dunwoody-College-of-Technology', '/school/?174747-College-of-Saint-Benedict', '/school/?456959-University-of-Minnesota-Rochester', '/school/?174066-University-of-Minnesota-Twin-Cities', '/school/?173647-Gustavus-Adolphus-College', '/school/?174899-The-College-of-Saint-Scholastica', '/school/?174844-St-Olaf-College', '/school/?173328-Concordia-University-Saint-Paul', '/school/?173665-Hamline-University', '/school/?175005-St-Catherine-University', '/school/?174020-Metropolitan-State-University', '/school/?174817-Saint-Mary-s-University-of-Minnesota', '/school/?173902-Macalester-College', '/school/?173160-Bethel-University', '/school/?174233-University-of-Minnesota-Duluth', '/school/?173045-Augsburg-University', '/school/?173920-Minnesota-State-University-Mankato','/school/?175980-Millsaps-College', '/school/?176017-University-of-Mississippi', '/school/?176080-Mississippi-State-University', '/school/?176053-Mississippi-College', '/school/?175421-Belhaven-University', '/school/?176372-University-of-Southern-Mississippi', '/school/?176479-William-Carey-University', '/school/?176035-Mississippi-University-for-Women', '/school/?175616-Delta-State-University', '/school/?175430-Blue-Mountain-College', '/school/?175342-Alcorn-State-University', '/school/?175856-Jackson-State-University', '/school/?176169-Northeast-Mississippi-Community-College', '/school/?176178-Northwest-Mississippi-Community-College', '/school/?175643-East-Central-Community-College', '/school/?175810-Holmes-Community-College', '/school/?176071-Mississippi-Gulf-Coast-Community-College', '/school/?176239-Pearl-River-Community-College', '/school/?175829-Itawamba-Community-College', '/school/?176406-Tougaloo-College','/school/?178411-Missouri-University-of-Science-and-Technology', '/school/?179867-Washington-University-in-St-Louis', '/school/?466921-Chamberlain-University-Missouri', '/school/?179159-Saint-Louis-University', '/school/?179043-Rockhurst-University', '/school/?178891-Ranken-Technical-College', '/school/?178396-University-of-Missouri-Columbia', '/school/?178059-Maryville-University-of-Saint-Louis', '/school/?178721-Park-University', '/school/?179955-William-Jewell-College', '/school/?178402-University-of-Missouri-Kansas-City', '/school/?178615-Truman-State-University', '/school/?482538-DeVry-University-Missouri', '/school/?176628-Avila-University', '/school/?178420-University-of-Missouri-St-Louis', '/school/?179946-Westminster-College', '/school/?179894-Webster-University', '/school/?176770-Cox-College', '/school/?177968-Lindenwood-University', '/school/?177418-Fontbonne-University','/school/?180106-Carroll-College', '/school/?180461-Montana-State-University', '/school/?180081-Highlands-College-of-Montana-Tech', '/school/?180416-Montana-Tech-of-the-University-of-Montana', '/school/?180595-Rocky-Mountain-College', '/school/?180522-Montana-State-University-Northern', '/school/?180276-Helena-College-University-of-Montana', '/school/?180373-Miles-Community-College', '/school/?180489-The-University-of-Montana', '/school/?180179-Montana-State-University-Billings', '/school/?180258-University-of-Providence', '/school/?180249-Great-Falls-College-Montana-State-University', '/school/?180692-The-University-of-Montana-Western', '/school/?180151-Dawson-Community-College', '/school/?180197-Flathead-Valley-Community-College', '/school/?180647-Salish-Kootenai-College', '/school/?180203-Aaniiih-Nakoda-College', '/school/?180328-Little-Big-Horn-College', '/school/?180160-Chief-Dull-Knife-College', '/school/?180212-Fort-Peck-Community-College','/school/?181002-Creighton-University', '/school/?180814-Bellevue-University', '/school/?180878-Bryan-College-of-Health-Sciences', '/school/?180832-Clarkson-College', '/school/?181297-Nebraska-Methodist-College-of-Nursing-Allied-Health', '/school/?181464-University-of-Nebraska-Lincoln', '/school/?181765-Nebraska-College-of-Technical-Agriculture', '/school/?181446-Nebraska-Wesleyan-University', '/school/?181127-Hastings-College', '/school/?181020-Doane-University-Arts-Sciences', '/school/?181394-University-of-Nebraska-at-Omaha', '/school/?181215-University-of-Nebraska-at-Kearney', '/school/?181604-College-of-Saint-Mary', '/school/?181738-Union-College', '/school/?180984-Concordia-University-Nebraska', '/school/?181330-Midland-University', '/school/?180948-Chadron-State-College', '/school/?181534-Peru-State-College', '/school/?181640-Southeast-Community-College-Area', '/school/?181783-Wayne-State-College','/school/?484710-University-of-Phoenix-Nevada', '/school/?182290-University-of-Nevada-Reno', '/school/?182281-University-of-Nevada-Las-Vegas', '/school/?482547-DeVry-University-Nevada', '/school/?182458-Sierra-Nevada-College', '/school/?182500-Truckee-Meadows-Community-College', '/school/?182005-College-of-Southern-Nevada', '/school/?445948-Northwest-Career-College', '/school/?182306-Great-Basin-College', '/school/?182564-Western-Nevada-College', '/school/?182111-The-Art-Institute-of-Las-Vegas', '/school/?445230-Pima-Medical-Institute-Las-Vegas', '/school/?182148-Altierus-Career-College-Henderson', '/school/?457110-Carrington-College-Reno', '/school/?181941-Career-College-of-Northern-Nevada', '/school/?374875-Brightwood-College-Las-Vegas', '/school/?457101-Carrington-College-Las-Vegas','/school/?182670-Dartmouth-College', '/school/?183239-Saint-Anselm-College', '/school/?183044-University-of-New-Hampshire-Main-Campus', '/school/?183071-University-of-New-Hampshire-at-Manchester', '/school/?183211-Rivier-University', '/school/?183026-Southern-New-Hampshire-University', '/school/?182634-Colby-Sawyer-College', '/school/?183062-Keene-State-College', '/school/?183080-Plymouth-State-University', '/school/?182795-Franklin-Pierce-University', '/school/?183099-NHTI-Concord-s-Community-College', '/school/?182980-New-England-College', '/school/?183132-Manchester-Community-College', '/school/?183141-Nashua-Community-College', '/school/?183257-Granite-State-College', '/school/?183105-White-Mountains-Community-College', '/school/?430810-New-Hampshire-Institute-of-Art','/school/?186867-Stevens-Institute-of-Technology', '/school/?186131-Princeton-University', '/school/?185828-New-Jersey-Institute-of-Technology', '/school/?187134-The-College-of-New-Jersey', '/school/?186371-Rutgers-University-Camden', '/school/?186380-Rutgers-University-New-Brunswick', '/school/?186399-Rutgers-University-Newark', '/school/?186584-Seton-Hall-University', '/school/?186201-Ramapo-College-of-New-Jersey', '/school/?184348-Drew-University', '/school/?186283-Rider-University', '/school/?185572-Monmouth-University', '/school/?184782-Rowan-University', '/school/?185590-Montclair-State-University', '/school/?184694-Fairleigh-Dickinson-University-Florham-Campus', '/school/?184603-Fairleigh-Dickinson-University-Metropolitan-Campus', '/school/?186876-Stockton-University', '/school/?184612-Felician-University', '/school/?445300-University-of-Phoenix-New-Jersey', '/school/?187444-William-Paterson-University-of-New-Jersey','/school/?102049-Samford-University', '/school/?100858-Auburn-University', '/school/?100937-Birmingham-Southern-College', '/school/?100706-University-of-Alabama-in-Huntsville', '/school/?102234-Spring-Hill-College', '/school/?100751-The-University-of-Alabama', '/school/?101648-Marion-Military-Institute', '/school/?100663-University-of-Alabama-at-Birmingham', '/school/?101435-Huntingdon-College', '/school/?102094-University-of-South-Alabama', '/school/?101365-Herzing-University-Birmingham', '/school/?101879-University-of-North-Alabama', '/school/?101587-University-of-West-Alabama', '/school/?102368-Troy-University', '/school/?101480-Jacksonville-State-University', '/school/?102377-Tuskegee-University', '/school/?101189-Faulkner-University', '/school/?101693-University-of-Mobile', '/school/?101709-University-of-Montevallo', '/school/?101116-South-University-Montgomery','/school/?102553-University-of-Alaska-Anchorage', '/school/?102669-Alaska-Pacific-University', '/school/?102614-University-of-Alaska-Fairbanks', '/school/?102632-University-of-Alaska-Southeast', '/school/?103501-Alaska-Career-College','/school/?104586-Embry-Riddle-Aeronautical-University-Prescott', '/school/?104717-Grand-Canyon-University', '/school/?104151-Arizona-State-University-Tempe', '/school/?420574-Arizona-State-University-Polytechnic', '/school/?448886-Arizona-State-University-Downtown-Phoenix', '/school/?407009-Arizona-State-University-West', '/school/?104179-University-of-Arizona', '/school/?484613-University-of-Phoenix-Arizona', '/school/?363934-University-of-Advancing-Technology', '/school/?106041-Universal-Technical-Institute-of-Arizona-Inc', '/school/?482422-DeVry-University-Arizona', '/school/?105659-Refrigeration-School-Inc', '/school/?456348-Argosy-University-Phoenix-Online-Division', '/school/?105330-Northern-Arizona-University', '/school/?105668-Rio-Salado-College', '/school/?364025-Chandler-Gilbert-Community-College', '/school/?105154-Mesa-Community-College', '/school/?105747-Scottsdale-Community-College', '/school/?364016-Paradise-Valley-Community-College', '/school/?106102-Western-International-University','/school/?107141-John-Brown-University', '/school/?106397-University-of-Arkansas', '/school/?107512-Ouachita-Baptist-University', '/school/?107044-Harding-University', '/school/?107080-Hendrix-College', '/school/?106342-Lyon-College', '/school/?106704-University-of-Central-Arkansas', '/school/?107071-Henderson-State-University', '/school/?107983-Southern-Arkansas-University-Main-Campus', '/school/?106713-Central-Baptist-College', '/school/?106245-University-of-Arkansas-at-Little-Rock', '/school/?106467-Arkansas-Tech-University', '/school/?107558-University-of-the-Ozarks', '/school/?107877-Williams-Baptist-College', '/school/?367459-NorthWest-Arkansas-Community-College', '/school/?420538-Arkansas-State-University-Mountain-Home', '/school/?106458-Arkansas-State-University-Main-Campus', '/school/?106485-University-of-Arkansas-at-Monticello', '/school/?108092-University-of-Arkansas-Fort-Smith', '/school/?106449-Arkansas-State-University-Beebe','/school/?243744-Stanford-University', '/school/?115409-Harvey-Mudd-College', '/school/?110404-California-Institute-of-Technology', '/school/?111188-California-State-University-Maritime-Academy', '/school/?123961-University-of-Southern-California', '/school/?112260-Claremont-McKenna-College', '/school/?122931-Santa-Clara-University', '/school/?120883-University-of-the-Pacific', '/school/?110422-California-Polytechnic-State-University-San-Luis-Obispo', '/school/?121150-Pepperdine-University', '/school/?110635-University-of-California-Berkeley', '/school/?122612-University-of-San-Francisco', '/school/?117946-Loyola-Marymount-University', '/school/?110662-University-of-California-Los-Angeles', '/school/?122436-University-of-San-Diego', '/school/?110680-University-of-California-San-Diego', '/school/?119605-National-University', '/school/?110653-University-of-California-Irvine', '/school/?110644-University-of-California-Davis', '/school/?121345-Pomona-College','/school/?126775-Colorado-School-of-Mines', '/school/?127060-University-of-Denver', '/school/?126562-University-of-Colorado-Denver-Anschutz-Medical-Campus', '/school/?127918-Regis-University', '/school/?126614-University-of-Colorado-Boulder', '/school/?126818-Colorado-State-University-Fort-Collins', '/school/?484640-University-of-Phoenix-Colorado', '/school/?126605-Spartan-College-of-Aeronautics-and-Technology', '/school/?126678-Colorado-College', '/school/?482440-DeVry-University-Colorado', '/school/?126580-University-of-Colorado-Colorado-Springs', '/school/?126827-Colorado-Technical-University-Colorado-Springs', '/school/?127741-University-of-Northern-Colorado', '/school/?127565-Metropolitan-State-University-of-Denver', '/school/?126669-Colorado-Christian-University', '/school/?128391-Western-State-Colorado-University', '/school/?439288-Johnson-Wales-University-Denver', '/school/?126748-Colorado-Northwestern-Community-College', '/school/?126289-Arapahoe-Community-College', '/school/?128106-Colorado-State-University-Pueblo','/school/?130794-Yale-University', '/school/?129242-Fairfield-University', '/school/?130590-Trinity-College', '/school/?130226-Quinnipiac-University', '/school/?436818-University-of-Connecticut-Waterbury-Campus', '/school/?436827-University-of-Connecticut-Avery-Point', '/school/?436836-University-of-Connecticut-Stamford', '/school/?129020-University-of-Connecticut', '/school/?130253-Sacred-Heart-University', '/school/?128902-Connecticut-College', '/school/?130697-Wesleyan-University', '/school/?130314-University-of-Saint-Joseph', '/school/?129941-University-of-New-Haven', '/school/?128498-Albertus-Magnus-College', '/school/?128771-Central-Connecticut-State-University', '/school/?129525-University-of-Hartford', '/school/?129215-Eastern-Connecticut-State-University', '/school/?130493-Southern-Connecticut-State-University', '/school/?130776-Western-Connecticut-State-University', '/school/?128744-University-of-Bridgeport','/school/?130943-University-of-Delaware', '/school/?130989-Goldey-Beacom-College', '/school/?131098-Wesley-College', '/school/?131113-Wilmington-University', '/school/?130934-Delaware-State-University', '/school/?130907-Delaware-Technical-Community-College-Terry','/school/?131496-Georgetown-University', '/school/?131469-George-Washington-University', '/school/?131159-American-University', '/school/?131283-Catholic-University-of-America', '/school/?131520-Howard-University', '/school/?384412-University-of-the-Potomac-Washington-DC-Campus', '/school/?459994-Strayer-University-Global-Region', '/school/?131803-Strayer-University-District-of-Columbia', '/school/?131876-Trinity-Washington-University', '/school/?131399-University-of-the-District-of-Columbia', '/school/?131450-Gallaudet-University','/school/?426314-Embry-Riddle-Aeronautical-University-Worldwide', '/school/?133553-Embry-Riddle-Aeronautical-University-Daytona-Beach', '/school/?135726-University-of-Miami', '/school/?133881-Florida-Institute-of-Technology', '/school/?133872-Adventist-University-of-Health-Sciences', '/school/?134130-University-of-Florida', '/school/?134945-Jacksonville-University', '/school/?137476-St-Thomas-University', '/school/?137847-The-University-of-Tampa', '/school/?484668-University-of-Phoenix-Florida', '/school/?134097-Florida-State-University', '/school/?133951-Florida-International-University', '/school/?449038-Strayer-University-Florida', '/school/?132471-Barry-University', '/school/?136950-Rollins-College', '/school/?132903-University-of-Central-Florida', '/school/?136215-Nova-Southeastern-University', '/school/?482459-DeVry-University-Florida', '/school/?137032-Saint-Leo-University', '/school/?137351-University-of-South-Florida-Main-Campus','/school/?139755-Georgia-Institute-of-Technology-Main-Campus', '/school/?139658-Emory-University', '/school/?482149-Augusta-University', '/school/?139959-University-of-Georgia', '/school/?140447-Mercer-University', '/school/?484677-University-of-Phoenix-Georgia', '/school/?141060-Spelman-College', '/school/?458919-Strayer-University-Georgia', '/school/?482468-DeVry-University-Georgia', '/school/?139940-Georgia-State-University', '/school/?140988-Shorter-University', '/school/?140696-Oglethorpe-University', '/school/?139199-Brenau-University', '/school/?139931-Georgia-Southern-University', '/school/?482680-University-of-North-Georgia', '/school/?140553-Morehouse-College', '/school/?139393-Covenant-College', '/school/?140818-Piedmont-College', '/school/?139861-Georgia-College-State-University', '/school/?139144-Berry-College','/school/?141644-Hawaii-Pacific-University', '/school/?420042-University-of-Phoenix-Hawaii', '/school/?141574-University-of-Hawaii-at-Manoa', '/school/?230047-Brigham-Young-University-Hawaii', '/school/?141802-Kauai-Community-College', '/school/?141981-University-of-Hawaii-West-Oahu', '/school/?141486-Chaminade-University-of-Honolulu', '/school/?141565-University-of-Hawaii-at-Hilo', '/school/?141796-Kapiolani-Community-College', '/school/?141680-Honolulu-Community-College', '/school/?141811-Leeward-Community-College', '/school/?141839-University-of-Hawaii-Maui-College', '/school/?141990-Windward-Community-College', '/school/?457484-Pacific-Rim-Christian-University', '/school/?372958-Remington-College-Honolulu-Campus', '/school/?383190-Hawaii-Community-College','/school/?142522-Brigham-Young-University-Idaho', '/school/?142285-University-of-Idaho', '/school/?142294-The-College-of-Idaho', '/school/?142461-Northwest-Nazarene-University', '/school/?142115-Boise-State-University', '/school/?142276-Idaho-State-University', '/school/?142328-Lewis-Clark-State-College', '/school/?142443-North-Idaho-College', '/school/?142090-Boise-Bible-College', '/school/?142559-College-of-Southern-Idaho', '/school/?460899-Stevens-Henager-College', '/school/?142054-Carrington-College-Boise', '/school/?142179-College-of-Eastern-Idaho','/school/?145725-Illinois-Institute-of-Technology', '/school/?147767-Northwestern-University', '/school/?144050-University-of-Chicago', '/school/?145637-University-of-Illinois-at-Urbana-Champaign', '/school/?145646-Illinois-Wesleyan-University', '/school/?145600-University-of-Illinois-at-Chicago', '/school/?146719-Loyola-University-Chicago', '/school/?143358-Bradley-University', '/school/?144740-DePaul-University', '/school/?148584-University-of-St-Francis', '/school/?143084-Augustana-College', '/school/?147396-Morrison-Institute-of-Technology', '/school/?146481-Lake-Forest-College', '/school/?145619-Benedictine-University', '/school/?146612-Lewis-University', '/school/?149781-Wheaton-College', '/school/?144962-Elmhurst-College', '/school/?148627-Saint-Xavier-University', '/school/?147660-North-Central-College', '/school/?442161-University-of-Phoenix-Illinois','/school/?152318-Rose-Hulman-Institute-of-Technology', '/school/?152080-University-of-Notre-Dame', '/school/?150163-Butler-University', '/school/?152673-Wabash-College', '/school/?243780-Purdue-University-Main-Campus', '/school/?150400-DePauw-University', '/school/?151801-Indiana-Wesleyan-University-Marion', '/school/?152600-Valparaiso-University', '/school/?151351-Indiana-University-Bloomington', '/school/?150756-Hanover-College', '/school/?152390-Saint-Mary-s-College', '/school/?150604-Franklin-College', '/school/?482486-DeVry-University-Indiana', '/school/?152567-Trine-University', '/school/?151786-Marian-University', '/school/?151290-Indiana-Institute-of-Technology', '/school/?151111-Indiana-University-Purdue-University-Indianapolis', '/school/?150172-Calumet-College-of-Saint-Joseph', '/school/?150534-University-of-Evansville', '/school/?150136-Ball-State-University','/school/?153269-Drake-University', '/school/?153658-University-of-Iowa', '/school/?153603-Iowa-State-University', '/school/?153384-Grinnell-College', '/school/?154350-Simpson-College', '/school/?153834-Luther-College', '/school/?154235-Saint-Ambrose-University', '/school/?153977-Mercy-College-of-Health-Sciences', '/school/?153144-Coe-College', '/school/?154527-Wartburg-College', '/school/?154013-Mount-Mercy-University', '/school/?153108-Central-College', '/school/?154095-University-of-Northern-Iowa', '/school/?153825-Loras-College', '/school/?154004-Morningside-College', '/school/?153375-Grand-View-University', '/school/?154129-Northwest-Iowa-Community-College', '/school/?153162-Cornell-College', '/school/?154493-Upper-Iowa-University', '/school/?154590-William-Penn-University','/school/?154688-Baker-University', '/school/?155317-University-of-Kansas', '/school/?155900-Southwestern-College', '/school/?155399-Kansas-State-University', '/school/?155335-Newman-University', '/school/?155520-MidAmerica-Nazarene-University', '/school/?155089-Friends-University', '/school/?155627-Ottawa-University-Ottawa', '/school/?155177-Hesston-College', '/school/?154749-Bethel-College-North-Newton', '/school/?155973-Tabor-College', '/school/?156125-Wichita-State-University', '/school/?155414-Kansas-Wesleyan-University', '/school/?156082-Washburn-University', '/school/?154721-Bethany-College', '/school/?154712-Benedictine-College', '/school/?155593-North-Central-Kansas-Technical-College', '/school/?155487-Manhattan-Area-Technical-College', '/school/?155681-Pittsburg-State-University', '/school/?155511-McPherson-College','/school/?157809-Thomas-More-College', '/school/?156286-Bellarmine-University', '/school/?156408-Centre-College', '/school/?157757-Spalding-University', '/school/?157085-University-of-Kentucky', '/school/?157818-Transylvania-University', '/school/?156745-Georgetown-College', '/school/?156471-Galen-College-of-Nursing-Louisville', '/school/?157289-University-of-Louisville', '/school/?156356-Brescia-University', '/school/?157447-Northern-Kentucky-University', '/school/?157401-Murray-State-University', '/school/?157076-Kentucky-Wesleyan-College', '/school/?156620-Eastern-Kentucky-University', '/school/?156541-University-of-the-Cumberlands', '/school/?156213-Asbury-University', '/school/?157951-Western-Kentucky-University', '/school/?157270-Sullivan-College-of-Technology-and-Design', '/school/?157100-Kentucky-Christian-University', '/school/?157377-Midway-University','/school/?160755-Tulane-University-of-Louisiana', '/school/?159197-ITI-Technical-College', '/school/?159391-Louisiana-State-University-and-Agricultural-Mechanical-College', '/school/?160904-Xavier-University-of-Louisiana', '/school/?160074-Franciscan-Missionaries-of-Our-Lady-University', '/school/?159656-Loyola-University-New-Orleans', '/school/?158477-Centenary-College-of-Louisiana', '/school/?159568-Louisiana-College', '/school/?159647-Louisiana-Tech-University', '/school/?160658-University-of-Louisiana-at-Lafayette', '/school/?160065-University-of-Holy-Cross', '/school/?159717-McNeese-State-University', '/school/?433536-Herzing-University-Kenner', '/school/?159939-University-of-New-Orleans', '/school/?159993-University-of-Louisiana-at-Monroe', '/school/?159966-Nicholls-State-University', '/school/?160612-Southeastern-Louisiana-University', '/school/?159416-Louisiana-State-University-Shreveport', '/school/?158802-Dillard-University', '/school/?160621-Southern-University-and-A-M-College','/school/?161299-Maine-Maritime-Academy', '/school/?161004-Bowdoin-College', '/school/?160977-Bates-College', '/school/?161086-Colby-College', '/school/?161457-University-of-New-England', '/school/?161518-Saint-Joseph-s-College-of-Maine', '/school/?161253-University-of-Maine', '/school/?161554-University-of-Southern-Maine', '/school/?161563-Thomas-College', '/school/?161226-University-of-Maine-at-Farmington', '/school/?161572-Unity-College', '/school/?161545-Southern-Maine-Community-College', '/school/?160940-Kaplan-University-Maine-Campus', '/school/?161235-University-of-Maine-at-Fort-Kent', '/school/?161341-University-of-Maine-at-Presque-Isle', '/school/?161138-Eastern-Maine-Community-College', '/school/?161077-Central-Maine-Community-College', '/school/?161484-Northern-Maine-Community-College', '/school/?161192-Kennebec-Valley-Community-College', '/school/?161581-Washington-County-Community-College','/school/?162928-Johns-Hopkins-University', '/school/?163046-Loyola-University-Maryland', '/school/?162061-Capitol-Technology-University', '/school/?163286-University-of-Maryland-College-Park', '/school/?161873-University-of-Baltimore', '/school/?163268-University-of-Maryland-Baltimore-County', '/school/?163462-Mount-St-Mary-s-University', '/school/?163912-St-Mary-s-College-of-Maryland', '/school/?163578-Notre-Dame-of-Maryland-University', '/school/?164216-Washington-College', '/school/?163204-University-of-Maryland-University-College', '/school/?164076-Towson-University', '/school/?163851-Salisbury-University', '/school/?164270-McDaniel-College', '/school/?164173-Stevenson-University', '/school/?162654-Goucher-College', '/school/?430184-Strayer-University-Maryland', '/school/?162007-Bowie-State-University', '/school/?162760-Hood-College', '/school/?162584-Frostburg-State-University','/school/?166656-MCPHS-University', '/school/?166683-Massachusetts-Institute-of-Technology', '/school/?164580-Babson-College', '/school/?166027-Harvard-University', '/school/?164739-Bentley-University', '/school/?166692-Massachusetts-Maritime-Academy', '/school/?168421-Worcester-Polytechnic-Institute', '/school/?168148-Tufts-University', '/school/?164924-Boston-College', '/school/?166124-College-of-the-Holy-Cross', '/school/?167358-Northeastern-University', '/school/?164988-Boston-University', '/school/?168227-Wentworth-Institute-of-Technology', '/school/?164465-Amherst-College', '/school/?168218-Wellesley-College', '/school/?167996-Stonehill-College', '/school/?168342-Williams-College', '/school/?165015-Brandeis-University', '/school/?166850-Merrimack-College', '/school/?167783-Simmons-College','/school/?169983-Kettering-University', '/school/?171128-Michigan-Technological-University', '/school/?170976-University-of-Michigan-Ann-Arbor', '/school/?170675-Lawrence-Technological-University', '/school/?169327-Cleary-University', '/school/?171100-Michigan-State-University', '/school/?171492-Northwood-University', '/school/?170532-Kalamazoo-College', '/school/?171137-University-of-Michigan-Dearborn', '/school/?168546-Albion-College', '/school/?484695-University-of-Phoenix-Michigan', '/school/?169716-University-of-Detroit-Mercy', '/school/?170301-Hope-College', '/school/?168740-Andrews-University', '/school/?172699-Western-Michigan-University', '/school/?169080-Calvin-College', '/school/?169910-Ferris-State-University', '/school/?169442-College-for-Creative-Studies', '/school/?171571-Oakland-University', '/school/?170082-Grand-Valley-State-University','/school/?174792-Saint-Johns-University', '/school/?174914-University-of-St-Thomas', '/school/?173258-Carleton-College', '/school/?175227-Dunwoody-College-of-Technology', '/school/?174747-College-of-Saint-Benedict', '/school/?456959-University-of-Minnesota-Rochester', '/school/?174066-University-of-Minnesota-Twin-Cities', '/school/?173647-Gustavus-Adolphus-College', '/school/?174899-The-College-of-Saint-Scholastica', '/school/?174844-St-Olaf-College', '/school/?173328-Concordia-University-Saint-Paul', '/school/?173665-Hamline-University', '/school/?175005-St-Catherine-University', '/school/?174020-Metropolitan-State-University', '/school/?174817-Saint-Mary-s-University-of-Minnesota', '/school/?173902-Macalester-College', '/school/?173160-Bethel-University', '/school/?174233-University-of-Minnesota-Duluth', '/school/?173045-Augsburg-University', '/school/?173920-Minnesota-State-University-Mankato','/school/?175980-Millsaps-College', '/school/?176017-University-of-Mississippi', '/school/?176080-Mississippi-State-University', '/school/?176053-Mississippi-College', '/school/?175421-Belhaven-University', '/school/?176372-University-of-Southern-Mississippi', '/school/?176479-William-Carey-University', '/school/?176035-Mississippi-University-for-Women', '/school/?175616-Delta-State-University', '/school/?175430-Blue-Mountain-College', '/school/?175342-Alcorn-State-University', '/school/?175856-Jackson-State-University', '/school/?176169-Northeast-Mississippi-Community-College', '/school/?176178-Northwest-Mississippi-Community-College', '/school/?175643-East-Central-Community-College', '/school/?175810-Holmes-Community-College', '/school/?176071-Mississippi-Gulf-Coast-Community-College', '/school/?176239-Pearl-River-Community-College', '/school/?175829-Itawamba-Community-College', '/school/?176406-Tougaloo-College','/school/?178411-Missouri-University-of-Science-and-Technology', '/school/?179867-Washington-University-in-St-Louis', '/school/?466921-Chamberlain-University-Missouri', '/school/?179159-Saint-Louis-University', '/school/?179043-Rockhurst-University', '/school/?178891-Ranken-Technical-College', '/school/?178396-University-of-Missouri-Columbia', '/school/?178059-Maryville-University-of-Saint-Louis', '/school/?178721-Park-University', '/school/?179955-William-Jewell-College', '/school/?178402-University-of-Missouri-Kansas-City', '/school/?178615-Truman-State-University', '/school/?482538-DeVry-University-Missouri', '/school/?176628-Avila-University', '/school/?178420-University-of-Missouri-St-Louis', '/school/?179946-Westminster-College', '/school/?179894-Webster-University', '/school/?176770-Cox-College', '/school/?177968-Lindenwood-University', '/school/?177418-Fontbonne-University','/school/?180106-Carroll-College', '/school/?180461-Montana-State-University', '/school/?180081-Highlands-College-of-Montana-Tech', '/school/?180416-Montana-Tech-of-the-University-of-Montana', '/school/?180595-Rocky-Mountain-College', '/school/?180522-Montana-State-University-Northern', '/school/?180276-Helena-College-University-of-Montana', '/school/?180373-Miles-Community-College', '/school/?180489-The-University-of-Montana', '/school/?180179-Montana-State-University-Billings', '/school/?180258-University-of-Providence', '/school/?180249-Great-Falls-College-Montana-State-University', '/school/?180692-The-University-of-Montana-Western', '/school/?180151-Dawson-Community-College', '/school/?180197-Flathead-Valley-Community-College', '/school/?180647-Salish-Kootenai-College', '/school/?180203-Aaniiih-Nakoda-College', '/school/?180328-Little-Big-Horn-College', '/school/?180160-Chief-Dull-Knife-College', '/school/?180212-Fort-Peck-Community-College','/school/?181002-Creighton-University', '/school/?180814-Bellevue-University', '/school/?180878-Bryan-College-of-Health-Sciences', '/school/?180832-Clarkson-College', '/school/?181297-Nebraska-Methodist-College-of-Nursing-Allied-Health', '/school/?181464-University-of-Nebraska-Lincoln', '/school/?181765-Nebraska-College-of-Technical-Agriculture', '/school/?181446-Nebraska-Wesleyan-University', '/school/?181127-Hastings-College', '/school/?181020-Doane-University-Arts-Sciences', '/school/?181394-University-of-Nebraska-at-Omaha', '/school/?181215-University-of-Nebraska-at-Kearney', '/school/?181604-College-of-Saint-Mary', '/school/?181738-Union-College', '/school/?180984-Concordia-University-Nebraska', '/school/?181330-Midland-University', '/school/?180948-Chadron-State-College', '/school/?181534-Peru-State-College', '/school/?181640-Southeast-Community-College-Area', '/school/?181783-Wayne-State-College','/school/?484710-University-of-Phoenix-Nevada', '/school/?182290-University-of-Nevada-Reno', '/school/?182281-University-of-Nevada-Las-Vegas', '/school/?482547-DeVry-University-Nevada', '/school/?182458-Sierra-Nevada-College', '/school/?182500-Truckee-Meadows-Community-College', '/school/?182005-College-of-Southern-Nevada', '/school/?445948-Northwest-Career-College', '/school/?182306-Great-Basin-College', '/school/?182564-Western-Nevada-College', '/school/?182111-The-Art-Institute-of-Las-Vegas', '/school/?445230-Pima-Medical-Institute-Las-Vegas', '/school/?182148-Altierus-Career-College-Henderson', '/school/?457110-Carrington-College-Reno', '/school/?181941-Career-College-of-Northern-Nevada', '/school/?374875-Brightwood-College-Las-Vegas', '/school/?457101-Carrington-College-Las-Vegas','/school/?182670-Dartmouth-College', '/school/?183239-Saint-Anselm-College', '/school/?183044-University-of-New-Hampshire-Main-Campus', '/school/?183071-University-of-New-Hampshire-at-Manchester', '/school/?183211-Rivier-University', '/school/?183026-Southern-New-Hampshire-University', '/school/?182634-Colby-Sawyer-College', '/school/?183062-Keene-State-College', '/school/?183080-Plymouth-State-University', '/school/?182795-Franklin-Pierce-University', '/school/?183099-NHTI-Concord-s-Community-College', '/school/?182980-New-England-College', '/school/?183132-Manchester-Community-College', '/school/?183141-Nashua-Community-College', '/school/?183257-Granite-State-College', '/school/?183105-White-Mountains-Community-College', '/school/?430810-New-Hampshire-Institute-of-Art','/school/?186867-Stevens-Institute-of-Technology', '/school/?186131-Princeton-University', '/school/?185828-New-Jersey-Institute-of-Technology', '/school/?187134-The-College-of-New-Jersey', '/school/?186371-Rutgers-University-Camden', '/school/?186380-Rutgers-University-New-Brunswick', '/school/?186399-Rutgers-University-Newark', '/school/?186584-Seton-Hall-University', '/school/?186201-Ramapo-College-of-New-Jersey', '/school/?184348-Drew-University', '/school/?186283-Rider-University', '/school/?185572-Monmouth-University', '/school/?184782-Rowan-University', '/school/?185590-Montclair-State-University', '/school/?184694-Fairleigh-Dickinson-University-Florham-Campus', '/school/?184603-Fairleigh-Dickinson-University-Metropolitan-Campus', '/school/?186876-Stockton-University', '/school/?184612-Felician-University', '/school/?445300-University-of-Phoenix-New-Jersey', '/school/?187444-William-Paterson-University-of-New-Jersey','/school/?187967-New-Mexico-Institute-of-Mining-and-Technology', '/school/?405997-University-of-Phoenix-New-Mexico', '/school/?187912-New-Mexico-Military-Institute', '/school/?188225-University-of-New-Mexico-Taos-Campus', '/school/?187985-University-of-New-Mexico-Main-Campus', '/school/?187958-University-of-New-Mexico-Gallup-Campus', '/school/?188049-University-of-New-Mexico-Valencia-County-Campus', '/school/?187976-University-of-New-Mexico-Los-Alamos-Campus', '/school/?187897-New-Mexico-Highlands-University', '/school/?188182-University-of-the-Southwest', '/school/?188021-New-Mexico-State-University-Grants', '/school/?187994-New-Mexico-State-University-Alamogordo', '/school/?188030-New-Mexico-State-University-Main-Campus', '/school/?188003-New-Mexico-State-University-Carlsbad', '/school/?187620-New-Mexico-State-University-Dona-Ana', '/school/?245652-St-John-s-College', '/school/?188137-Santa-Fe-Community-College', '/school/?188304-Western-New-Mexico-University', '/school/?188100-San-Juan-College', '/school/?402776-Southwest-University-of-Visual-Arts-Albuquerque','/school/?188526-Albany-College-of-Pharmacy-and-Health-Sciences', '/school/?197027-United-States-Merchant-Marine-Academy', '/school/?195784-St-Paul-s-School-of-Nursing-Staten-Island', '/school/?190150-Columbia-University-in-the-City-of-New-York', '/school/?196291-SUNY-Maritime-College', '/school/?194824-Rensselaer-Polytechnic-Institute', '/school/?189811-St-Paul-s-School-of-Nursing-Queens', '/school/?190415-Cornell-University', '/school/?190044-Clarkson-University', '/school/?196866-Union-College', '/school/?192703-Manhattan-College', '/school/?190372-Cooper-Union-for-the-Advancement-of-Science-and-Art', '/school/?190099-Colgate-University', '/school/?195003-Rochester-Institute-of-Technology', '/school/?196413-Syracuse-University', '/school/?193900-New-York-University', '/school/?196079-Binghamton-University', '/school/?195030-University-of-Rochester', '/school/?193292-Molloy-College', '/school/?195191-St-Joseph-s-College-of-Nursing-at-St-Joseph-s-Hospital-Health-Center','/school/?198419-Duke-University', '/school/?199847-Wake-Forest-University', '/school/?198385-Davidson-College', '/school/?199120-University-of-North-Carolina-at-Chapel-Hill', '/school/?199193-North-Carolina-State-University-at-Raleigh', '/school/?198516-Elon-University', '/school/?198109-Cabarrus-College-of-Health-Sciences', '/school/?484729-University-of-Phoenix-North-Carolina', '/school/?198136-Campbell-University', '/school/?482565-DeVry-University-North-Carolina', '/school/?199139-University-of-North-Carolina-at-Charlotte', '/school/?199962-Wingate-University', '/school/?199412-Queens-University-of-Charlotte', '/school/?199218-University-of-North-Carolina-Wilmington', '/school/?198464-East-Carolina-University', '/school/?198950-Meredith-College', '/school/?199069-University-of-Mount-Olive', '/school/?198215-Catawba-College', '/school/?198969-Methodist-University', '/school/?199306-Pfeiffer-University','/school/?200280-University-of-North-Dakota', '/school/?200332-North-Dakota-State-University-Main-Campus', '/school/?200217-University-of-Mary', '/school/?200022-Bismarck-State-College', '/school/?200156-University-of-Jamestown', '/school/?200305-North-Dakota-State-College-of-Science', '/school/?200059-Dickinson-State-University', '/school/?200253-Minot-State-University', '/school/?200341-Williston-State-College', '/school/?200572-Valley-City-State-University', '/school/?200226-Mayville-State-University', '/school/?200314-Dakota-College-at-Bottineau', '/school/?200192-Lake-Region-State-College', '/school/?200013-Rasmussen-College-North-Dakota', '/school/?200086-Nueta-Hidatsa-Sahnish-College', '/school/?200484-Trinity-Bible-College-and-Graduate-School', '/school/?200527-Turtle-Mountain-Community-College', '/school/?200466-Sitting-Bull-College', '/school/?200554-United-Tribes-Technical-College', '/school/?200208-Cankdeska-Cikana-Community-College','/school/?201645-Case-Western-Reserve-University', '/school/?204635-Ohio-Northern-University', '/school/?201177-Aultman-College-of-Nursing-and-Health-Sciences', '/school/?454236-Chamberlain-University-Ohio', '/school/?204176-Mount-Carmel-College-of-Nursing', '/school/?201821-The-Christ-College-of-Nursing-and-Health-Sciences', '/school/?202480-University-of-Dayton', '/school/?203544-Kettering-College', '/school/?203368-John-Carroll-University', '/school/?202912-Good-Samaritan-College-of-Nursing-and-Health-Science', '/school/?206622-Xavier-University', '/school/?203960-Mercy-College-of-Ohio', '/school/?202523-Denison-University', '/school/?203535-Kenyon-College', '/school/?202806-Franklin-University', '/school/?206349-Ursuline-College', '/school/?204015-Miami-University-Middletown', '/school/?204024-Miami-University-Oxford', '/school/?204006-Miami-University-Hamilton', '/school/?206589-The-College-of-Wooster','/school/?207500-University-of-Oklahoma-Norman-Campus', '/school/?206835-Oklahoma-Wesleyan-University', '/school/?207971-University-of-Tulsa', '/school/?206862-Southern-Nazarene-University', '/school/?207388-Oklahoma-State-University-Main-Campus', '/school/?207254-Spartan-College-of-Aeronautics-and-Technology', '/school/?207458-Oklahoma-City-University', '/school/?207403-Oklahoma-Baptist-University', '/school/?207865-Southwestern-Oklahoma-State-University', '/school/?206941-University-of-Central-Oklahoma', '/school/?207324-Oklahoma-Christian-University', '/school/?245953-Mid-America-Christian-University', '/school/?207582-Oral-Roberts-University', '/school/?207962-Tulsa-Welding-School-Tulsa', '/school/?207041-East-Central-University', '/school/?207351-Oklahoma-Panhandle-State-University', '/school/?207306-Northwestern-Oklahoma-State-University', '/school/?207847-Southeastern-Oklahoma-State-University', '/school/?207263-Northeastern-State-University', '/school/?207564-Oklahoma-State-University-Institute-of-Technology','/school/?209825-University-of-Portland', '/school/?209506-Oregon-Institute-of-Technology', '/school/?209065-Linfield-College-McMinnville-Campus', '/school/?210401-Willamette-University', '/school/?209542-Oregon-State-University', '/school/?209612-Pacific-University', '/school/?209056-Lewis-Clark-College', '/school/?208822-George-Fox-University', '/school/?209551-University-of-Oregon', '/school/?209807-Portland-State-University', '/school/?208488-Concordia-University-Portland', '/school/?209409-Northwest-Christian-University', '/school/?209922-Reed-College', '/school/?208646-Eastern-Oregon-University', '/school/?480198-Warner-Pacific-College-Adult-Degree-Program', '/school/?210304-Warner-Pacific-College', '/school/?210429-Western-Oregon-University', '/school/?210146-Southern-Oregon-University', '/school/?210331-Corban-University', '/school/?209746-Portland-Community-College','/school/?215132-University-of-the-Sciences', '/school/?215062-University-of-Pennsylvania', '/school/?211440-Carnegie-Mellon-University', '/school/?213543-Lehigh-University', '/school/?216597-Villanova-University', '/school/?211291-Bucknell-University', '/school/?212054-Drexel-University', '/school/?213385-Lafayette-College', '/school/?212911-Haverford-College', '/school/?215770-Saint-Joseph-s-University', '/school/?214175-Muhlenberg-College', '/school/?212577-Franklin-and-Marshall-College', '/school/?212106-Duquesne-University', '/school/?213367-La-Salle-University', '/school/?215929-University-of-Scranton', '/school/?212009-Dickinson-College', '/school/?215381-Pittsburgh-Institute-of-Aeronautics', '/school/?216287-Swarthmore-College', '/school/?212674-Gettysburg-College', '/school/?216524-Ursinus-College','/school/?217165-Bryant-University', '/school/?217156-Brown-University', '/school/?217402-Providence-College', '/school/?217536-Salve-Regina-University', '/school/?217484-University-of-Rhode-Island', '/school/?217493-Rhode-Island-School-of-Design', '/school/?217518-Roger-Williams-University', '/school/?217305-New-England-Institute-of-Technology', '/school/?217420-Rhode-Island-College', '/school/?217235-Johnson-Wales-University-Providence', '/school/?217475-Community-College-of-Rhode-Island','/school/?217864-Citadel-Military-College-of-South-Carolina', '/school/?217882-Clemson-University', '/school/?218973-Wofford-College', '/school/?218070-Furman', '/school/?218672-University-of-South-Carolina-Lancaster', '/school/?218663-University-of-South-Carolina-Columbia', '/school/?218539-Presbyterian-College', '/school/?217819-College-of-Charleston', '/school/?217776-Southern-Wesleyan-University', '/school/?218724-Coastal-Carolina-University', '/school/?217998-Erskine-College', '/school/?218238-Limestone-College', '/school/?218645-University-of-South-Carolina-Aiken', '/school/?217688-Charleston-Southern-University', '/school/?218742-University-of-South-Carolina-Upstate', '/school/?218414-Newberry-College', '/school/?218654-University-of-South-Carolina-Beaufort', '/school/?218964-Winthrop-University', '/school/?217633-Anderson-University', '/school/?217934-Columbia-College','/school/?219347-South-Dakota-School-of-Mines-and-Technology', '/school/?219356-South-Dakota-State-University', '/school/?219000-Augustana-University', '/school/?219471-University-of-South-Dakota', '/school/?219383-University-of-Sioux-Falls', '/school/?219189-Mitchell-Technical-Institute', '/school/?219082-Dakota-State-University', '/school/?219426-Southeast-Technical-Institute', '/school/?219091-Dakota-Wesleyan-University', '/school/?219143-Lake-Area-Technical-Institute', '/school/?219198-Mount-Marty-College', '/school/?219046-Black-Hills-State-University', '/school/?219259-Northern-State-University', '/school/?219295-Presentation-College', '/school/?219204-National-American-University-Rapid-City', '/school/?219213-National-American-University-Sioux-Falls', '/school/?219480-Western-Dakota-Technical-Institute', '/school/?219408-Sisseton-Wahpeton-College', '/school/?219374-Sinte-Gleska-University', '/school/?219277-Oglala-Lakota-College','/school/?221999-Vanderbilt-University', '/school/?219639-Baptist-Memorial-College-of-Health-Sciences', '/school/?221351-Rhodes-College', '/school/?221519-Sewanee-The-University-of-the-South', '/school/?221759-The-University-of-Tennessee-Knoxville', '/school/?219833-Christian-Brothers-University', '/school/?482617-DeVry-University-Tennessee', '/school/?219709-Belmont-University', '/school/?220516-King-University', '/school/?221971-Union-University', '/school/?219976-Lipscomb-University', '/school/?219790-Bryan-College-Dayton', '/school/?221892-Trevecca-Nazarene-University', '/school/?221847-Tennessee-Technological-University', '/school/?220710-Maryville-College', '/school/?220464-John-A-Gupton-College', '/school/?220978-Middle-Tennessee-State-University', '/school/?219949-Cumberland-University', '/school/?219718-Bethel-University', '/school/?221661-Southern-Adventist-University','/school/?227757-Rice-University', '/school/?228246-Southern-Methodist-University', '/school/?228778-The-University-of-Texas-at-Austin', '/school/?228723-Texas-A-M-University-College-Station', '/school/?229267-Trinity-University', '/school/?228343-Southwestern-University', '/school/?228787-The-University-of-Texas-at-Dallas', '/school/?228875-Texas-Christian-University', '/school/?223232-Baylor-University', '/school/?225511-University-of-Houston', '/school/?377218-School-of-Automotive-Machinists-Technology', '/school/?229115-Texas-Tech-University', '/school/?227863-University-of-St-Thomas', '/school/?228769-The-University-of-Texas-at-Arlington', '/school/?226231-LeTourneau-University', '/school/?222983-Austin-College', '/school/?224323-University-of-Dallas', '/school/?484756-University-of-Phoenix-Texas', '/school/?228149-St-Mary-s-University', '/school/?227845-Saint-Edward-s-University','/school/?445692-Neumont-College-of-Computer-Science', '/school/?230038-Brigham-Young-University-Provo', '/school/?230764-University-of-Utah', '/school/?230807-Westminster-College', '/school/?380465-University-of-Phoenix-Utah', '/school/?230782-Weber-State-University', '/school/?230737-Utah-Valley-University', '/school/?230728-Utah-State-University', '/school/?433387-Western-Governors-University', '/school/?230603-Southern-Utah-University', '/school/?230746-Salt-Lake-Community-College', '/school/?230418-LDS-Business-College', '/school/?230171-Dixie-State-University', '/school/?230597-Snow-College', '/school/?465812-Independence-University', '/school/?446677-Stevens-Henager-College', '/school/?447421-Eagle-Gate-College-Layton', '/school/?230621-Stevens-Henager-College', '/school/?438151-Stevens-Henager-College', '/school/?230366-Eagle-Gate-College-Murray','/school/?230959-Middlebury-College', '/school/?230995-Norwich-University', '/school/?231059-Saint-Michael-s-College', '/school/?231174-University-of-Vermont', '/school/?230852-Champlain-College', '/school/?231165-Vermont-Technical-College', '/school/?230834-Castleton-University', '/school/?230977-New-England-Culinary-Institute', '/school/?231077-College-of-St-Joseph', '/school/?231086-Southern-Vermont-College', '/school/?230931-Lyndon-State-College', '/school/?230913-Johnson-State-College', '/school/?230898-Green-Mountain-College', '/school/?230816-Bennington-College', '/school/?230861-Community-College-of-Vermont', '/school/?230940-Marlboro-College', '/school/?230889-Goddard-College', '/school/?247649-Landmark-College','/school/?234207-Washington-and-Lee-University', '/school/?234085-Virginia-Military-Institute', '/school/?233374-University-of-Richmond', '/school/?233921-Virginia-Polytechnic-Institute-and-State-University', '/school/?234076-University-of-Virginia-Main-Campus', '/school/?232186-George-Mason-University', '/school/?231624-College-of-William-and-Mary', '/school/?232423-James-Madison-University', '/school/?231837-Jefferson-College-of-Health-Sciences', '/school/?232706-Marymount-University', '/school/?232256-Hampden-Sydney-College', '/school/?232681-University-of-Mary-Washington', '/school/?233295-Randolph-Macon-College', '/school/?231712-Christopher-Newport-University', '/school/?233684-Strayer-University-Virginia', '/school/?233541-Shenandoah-University', '/school/?232265-Hampton-University', '/school/?233426-Roanoke-College', '/school/?482653-DeVry-University-Virginia', '/school/?234030-Virginia-Commonwealth-University','/school/?443410-DigiPen-Institute-of-Technology', '/school/?236948-University-of-Washington-Seattle-Campus', '/school/?377555-University-of-Washington-Bothell-Campus', '/school/?377564-University-of-Washington-Tacoma-Campus', '/school/?236595-Seattle-University', '/school/?235316-Gonzaga-University', '/school/?236212-Perry-Technical-Institute', '/school/?236328-University-of-Puget-Sound', '/school/?237057-Whitman-College', '/school/?236939-Washington-State-University', '/school/?236230-Pacific-Lutheran-University', '/school/?236577-Seattle-Pacific-University', '/school/?236452-Saint-Martin-s-University', '/school/?234827-Central-Washington-University', '/school/?236896-Walla-Walla-University', '/school/?237011-Western-Washington-University', '/school/?234696-Bellingham-Technical-College', '/school/?234669-Bellevue-College', '/school/?235097-Eastern-Washington-University', '/school/?237066-Whitworth-University','/school/?449339-American-Public-University-System', '/school/?238078-Wheeling-Jesuit-University', '/school/?238032-West-Virginia-University', '/school/?237701-Potomac-State-College-of-West-Virginia-University', '/school/?237969-West-Virginia-Wesleyan-College', '/school/?237312-University-of-Charleston', '/school/?237118-Alderson-Broaddus-University', '/school/?237181-Bethany-College', '/school/?237792-Shepherd-University', '/school/?237358-Davis-Elkins-College', '/school/?237640-Ohio-Valley-University', '/school/?237932-West-Liberty-University', '/school/?237525-Marshall-University', '/school/?237385-Glenville-State-College', '/school/?237367-Fairmont-State-University', '/school/?237330-Concord-University', '/school/?237899-West-Virginia-State-University', '/school/?237783-Salem-International-University', '/school/?237686-West-Virginia-University-at-Parkersburg', '/school/?237136-Appalachian-Bible-College','/school/?239318-Milwaukee-School-of-Engineering', '/school/?239105-Marquette-University', '/school/?240444-University-of-Wisconsin-Madison', '/school/?238430-Cardinal-Stritch-University', '/school/?240329-University-of-Wisconsin-La-Crosse', '/school/?240462-University-of-Wisconsin-Platteville', '/school/?239716-Saint-Norbert-College', '/school/?240268-University-of-Wisconsin-Eau-Claire', '/school/?239628-Ripon-College', '/school/?240417-University-of-Wisconsin-Stout', '/school/?238476-Carthage-College', '/school/?238458-Carroll-University', '/school/?240453-University-of-Wisconsin-Milwaukee', '/school/?239017-Lawrence-University', '/school/?238661-Edgewood-College', '/school/?240107-Viterbo-University', '/school/?238616-Concordia-University-Wisconsin', '/school/?238980-Lakeland-University', '/school/?240365-University-of-Wisconsin-Oshkosh', '/school/?240189-University-of-Wisconsin-Whitewater','/school/?240727-University-of-Wyoming', '/school/?240718-Wyotech-Laramie', '/school/?240505-Casper-College', '/school/?240666-Sheridan-College', '/school/?240620-Laramie-County-Community-College', '/school/?240693-Western-Wyoming-Community-College', '/school/?240657-Northwest-College', '/school/?240596-Eastern-Wyoming-College', '/school/?240514-Central-Wyoming-College'
